{
  "mean": [
    0.8593197278911564,
    0.3522902494331064
  ],
  "std": [
    0.09750440056128051,
    0.023262463746311187
  ]
}