{
  "mean": [
    0.9158412698412699,
    0.3826485260770974
  ],
  "std": [
    0.05332813964252875,
    0.01967462457234362
  ]
}